<?xml version="1.0" encoding="utf-8"?>
<PlatformExtension>
  <EventCodes>
    <EventGroup name="Core">
      <Event code="0x01" type="TraceStart" />
      <Event code="0x02" type="TimestampConfig" />
      <Event code="0x03" type="ObjectName" />
      <Event code="0x20" type="TaskReady" />
      <Event code="0x25" type="SwitchToTask"/>
    </EventGroup>
    <EventGroup name="Task">
      <Event code="0x10" type="ObjectState">
        <Param index="0" type="Handle" class="Task"/>
        <Param index="1" type="Int32" useAs="StateAfter"/>
        <FollowWith key="TaskCreate" />
      </Event>
      <Event key="TaskCreate" service="Task/xTaskCreate" type="KernelServiceReturn" status="StatusOK">
        <Param index="0" type="Handle" class="Task" useAs="Arg"/>
        <Param index="1" type="UInt32" useAs="Arg"/>
      </Event>
    </EventGroup>
	 <EventGroup name="UserEvent">
      <Event code="0x50" type="UserEvent">
        <Param index="0" type="StringHandle" useAs="Channel"></Param>
        <Param index="1" type="String" useAs="Message"></Param>
      </Event>
      <Event code="0x51" type="UserEvent">
        <Param index="0" type="StringHandle" useAs="Channel"></Param>
        <Param index="1" type="String" useAs="Message"></Param>
      </Event>
      <Event code="0x52" type="UserEvent">
        <Param index="0" type="StringHandle" useAs="Channel"></Param>
        <Param index="1" useAs="PrintfArgStart"></Param>
        <Param index="2" type="String" useAs="Message"></Param>
      </Event>
      <Event code="0x53" type="UserEvent">
        <Param index="0" type="StringHandle" useAs="Channel"></Param>
        <Param index="1" useAs="PrintfArgStart"></Param>
        <Param index="3" type="String" useAs="Message"></Param>
      </Event>
      <Event code="0x54" type="UserEvent">
        <Param index="0" type="StringHandle" useAs="Channel"></Param>
        <Param index="1" useAs="PrintfArgStart"></Param>
        <Param index="4" type="String" useAs="Message"></Param>
      </Event>
      <Event code="0x55" type="UserEvent">
        <Param index="0" type="StringHandle" useAs="Channel"></Param>
        <Param index="1" useAs="PrintfArgStart"></Param>
        <Param index="5" type="String" useAs="Message"></Param>
      </Event>
      <Event code="0x56" type="UserEvent">
        <Param index="0" type="StringHandle" useAs="Channel"></Param>
        <Param index="1" useAs="PrintfArgStart"></Param>
        <Param index="6" type="String" useAs="Message"></Param>
      </Event>
      <Event code="0x57" type="UserEvent">
        <Param index="0" type="StringHandle" useAs="Channel"></Param>
        <Param index="1" useAs="PrintfArgStart"></Param>
        <Param index="7" type="String" useAs="Message"></Param>
      </Event>
      <Event code="0x58" type="UserEvent">
        <Param index="0" type="StringHandle" useAs="Channel"></Param>
        <Param index="1" type="StringHandle" useAs="Message"></Param>
      </Event>
      <Event code="0x59" type="UserEvent">
        <Param index="0" type="StringHandle" useAs="Channel"></Param>
        <Param index="1" type="StringHandle" useAs="Message"></Param>
        <Param index="2" useAs="PrintfArgStart"></Param>
      </Event>
      <Event code="0x5A" type="UserEvent">
        <Param index="0" type="StringHandle" useAs="Channel"></Param>
        <Param index="1" type="StringHandle" useAs="Message"></Param>
        <Param index="2" useAs="PrintfArgStart"></Param>
      </Event>
      <Event code="0x5B" type="UserEvent">
        <Param index="0" type="StringHandle" useAs="Channel"></Param>
        <Param index="1" type="StringHandle" useAs="Message"></Param>
        <Param index="2" useAs="PrintfArgStart"></Param>
      </Event>
      <Event code="0x5C" type="UserEvent">
        <Param index="0" type="StringHandle" useAs="Channel"></Param>
        <Param index="1" type="StringHandle" useAs="Message"></Param>
        <Param index="2" useAs="PrintfArgStart"></Param>
      </Event>
      <Event code="0x5D" type="UserEvent">
        <Param index="0" type="StringHandle" useAs="Channel"></Param>
        <Param index="1" type="StringHandle" useAs="Message"></Param>
        <Param index="2" useAs="PrintfArgStart"></Param>
      </Event>
      <Event code="0x5E" type="UserEvent">
        <Param index="0" type="StringHandle" useAs="Channel"></Param>
        <Param index="1" type="StringHandle" useAs="Message"></Param>
        <Param index="2" useAs="PrintfArgStart"></Param>
      </Event>
      <Event code="0x5F" type="UserEvent">
        <Param index="0" type="StringHandle" useAs="Channel"></Param>
        <Param index="1" type="StringHandle" useAs="Message"></Param>
        <Param index="2" useAs="PrintfArgStart"></Param>
      </Event>
    </EventGroup>	
  </EventCodes>
  <TargetPlatform>
    <KernelServiceGroups>
      <KernelServiceGroup name="Task">
        <KernelService name="xTaskCreate" operation="Initialize">
          <Parameter name="task" format="Task {0}" />
          <Parameter name="priority"/>
        </KernelService>
      </KernelServiceGroup>
    </KernelServiceGroups>
    <ObjectClasses>
      <ObjectClass name="SystemGroup" type="ActorGroup" options="Hidden" />
      <ObjectClass name="Task" type="Actor"/>
      <ObjectClass name="ISR" type="Actor"/>
    </ObjectClasses>
    <TaskPriorityDirection>HigherNumberIsMoreImportant</TaskPriorityDirection>
  </TargetPlatform>
</PlatformExtension> 
